threshold,total_profit,n_trades,avg_profit_per_trade
0.05,59.590723676925386,517,0.11526252161881119
0.1,59.103695176278556,503,0.11750237609598123
0.15,67.89105117591808,485,0.13998154881632593
0.2,68.56908832820304,489,0.14022308451575263
0.25,68.73904578551905,510,0.13478244271670403
0.3,68.73904578551905,510,0.13478244271670403
